score,portfolio,stop,N,rebalance,sharpe,calmar,max_dd,annual_return,turnover,cost_to_gross,positive_years,corr_btc,lot_scale,skipped_rate
duz,a,False,30,W,0.3995832084245056,0.22808904037894903,-0.2782901313149807,0.06347492899856566,39.04729219388563,0.15802047289404306,0.8,-0.04281417632461288,1.0321697321663876,0.028579513299377475
duz,a,False,30,3D,0.5960782013737068,0.37823846411342193,-0.2795528687292105,0.10573764770663763,62.55260131896848,0.2518598617726804,0.8,-0.05521245357389464,1.0402448340006702,0.029915240152900115
duz,a,False,50,W,-0.1150958505020008,-0.10052740162398167,-0.4751263070470687,-0.04776321309063991,45.40997586153688,4.939675557147242,0.4,-0.05560079558467602,1.05521026288193,0.05737848745393929
duz,a,False,50,3D,0.01359810612889535,-0.03872430847650838,-0.47231036536310744,-0.018289892284973353,71.65334580666304,0.9621704143373233,0.4,-0.0761049547395755,1.0622641415132592,0.06933141032244772
duz,b,False,30,W,-0.0046258363380447,-0.042956745440832195,-0.526250042823308,-0.022605989127787884,20.961560736664,,0.4,-0.033139504173113316,1.0319204205523542,0.030795072788353865
duz,b,False,30,3D,0.014220450530749256,-0.036338623861278875,-0.4947136889057894,-0.017977214660173213,32.679604905142355,,0.4,-0.023032418336950102,1.0593716683288175,0.03656059580230196
duz,b,False,50,W,-0.8985655513906303,-0.26514237661627515,-0.7446642272627209,-0.19744204299755985,23.00686027103047,,0.2,-0.05989486977427148,1.1768391476135527,0.1260705721137376
duz,b,False,50,3D,-0.6609680107020736,-0.23011523570598325,-0.6396881943686733,-0.14720199962548208,35.29756147265707,,0.2,-0.01817383366329071,1.1209159696694255,0.10916580844490216
duz,c,False,30,W,0.3623758259606551,0.15175384763896396,-0.3578072136220636,0.05429862138012487,13.82519784155149,-0.09274549129312673,0.8,0.6695480066425025,1.041726580415527,0.048630519843487985
duz,c,False,30,3D,0.4222165208165417,0.1957310637176448,-0.337434852528419,0.06604648262079404,21.857116381809536,-0.03871341259204221,0.8,0.6518350900453661,1.0565801060563824,0.0620026525198939
duz,c,False,50,W,0.18828395797828298,0.037337795158239366,-0.47563191522995574,0.017759047021577157,14.876133049785896,0.08340207392812563,0.8,0.6660326731209891,1.0602756945383034,0.06163223840162547
duz,c,False,50,3D,0.03820980573718814,-0.02632565851650239,-0.4534330189837965,-0.011936922817874174,22.622925656254008,0.6433274521654462,0.6,0.6679415640065652,1.0879608004984418,0.10568086883876357
vol,a,False,30,W,0.741735019895413,0.4945324581860784,-0.27865163306705065,0.1378022770782137,43.57954409017277,0.12705411824047358,0.8,0.013838936556879351,1.0281678477561143,0.018607273752466874
vol,a,False,30,3D,0.8991196053271844,0.7164480506110212,-0.24143238756445606,0.1729737634249191,68.45332440787875,0.2133165340106218,0.6,-0.021476983825316712,1.0276882285633597,0.019568489713998997
vol,a,False,50,W,0.041929000617769996,-0.027151559111348783,-0.455685647994306,-0.012372575807710673,49.687285571665434,0.8072654066914055,0.6,-0.04220626729401583,1.0539571775701764,0.0516733136812901
vol,a,False,50,3D,0.12869955243581468,0.013397661781950254,-0.45406531823959906,0.006083413560687756,78.52087303442308,0.7660060614764617,0.6,-0.04908296689989922,1.0546240668474998,0.052032019704433496
vol,b,False,30,W,0.05251415301864122,-0.021262916807883152,-0.5333188834267921,-0.011339915050377014,23.261613830770198,,0.4,-0.015836234040593374,1.0296818369169813,0.02377093462992977
vol,b,False,30,3D,0.10693233243614562,0.0031803730496440426,-0.4712694829675085,0.0014988127627495462,34.824699533383125,-12.478549105942745,0.4,-0.0533391591813546,1.0398601074992198,0.026551609691337536
vol,b,False,50,W,-0.5899819617774686,-0.21760868725349988,-0.6208182442930581,-0.13509544316363498,25.117863266338883,,0.2,-0.012055324436043005,1.0787912545551355,0.07173840507173841
vol,b,False,50,3D,-0.4328150474269418,-0.1715891173624257,-0.6013728289089953,-0.10318903291823955,37.505536483850065,,0.2,-0.02854210475395995,1.0813899750418001,0.07774140752864157
vol,c,False,30,W,0.3604013029649468,0.13715986624564433,-0.39396860172765313,0.05403668071794843,15.093059614817474,-0.025664552140705288,0.8,0.6831859177909723,1.0505886734209042,0.048186247969680567
vol,c,False,30,3D,0.4378364279178545,0.20252189872854984,-0.3421352050807689,0.0692898713548391,23.609939185100448,0.05255403036674412,0.8,0.6842231260189102,1.060919797280723,0.05533726260641781
vol,c,False,50,W,0.09101559140988405,-0.004403238353288368,-0.42326424224750514,-0.001863733345039753,15.309959488014021,0.17391155607559466,0.8,0.6840143478079243,1.086566354682227,0.07781842367808448
vol,c,False,50,3D,0.050235820726092485,-0.021141567184449334,-0.44386524450195397,-0.00938400688748009,23.438595408333484,0.6440201979479627,0.8,0.6950481260929446,1.0992205945191769,0.10247494375127839
duz,a,True,30,W,0.5035593736220955,0.41014382678998423,-0.2086520070886807,0.08557733265476242,39.155776198360485,0.11595540845486838,0.8,-0.013921346796460765,1.0295591614171826,0.024082889946793615
duz,a,True,30,3D,0.5264451911864682,0.312232992168166,-0.28931572954655105,0.09033391591763551,62.37470961513793,0.2668451314838329,0.8,-0.051234392718336054,1.0435899370417734,0.032952475575426396
duz,a,True,50,W,-0.007366945699777754,-0.05153296787312652,-0.4417609314099814,-0.02276525188595302,45.95832165139657,1.049209252642976,0.8,-0.03706444136365882,1.041307663085063,0.04079515989628349
duz,a,True,50,3D,-0.037606360928109664,-0.056322304121851796,-0.49938693969849113,-0.02812662309217928,71.71164449922593,1.1168218404088548,0.4,-0.07171179623572335,1.0668837018503543,0.0761885203819694
