variant,experiment,kind,model,tier,h,valid,rank_ic,rank_ic_t,sharpe,calmar,max_dd,annual_return,positive_years,dsr,stress_sharpe,delay1_sharpe,turnover,cost_to_gross,corr_btc,status
ridge|a|h7,ml_kol_a_h7,base,ridge,a,7,True,-0.02303164565697513,-1.8937719271257618,0.277767572767052,0.19783571739501266,-0.1793220901475545,0.03547631434911458,0.5,0.06284141258550555,-0.2923848155799883,0.9359434701239511,51.61813954743438,0.5822129461953766,-0.041159287560793865,"KALDI (net_sharpe, deflated_sharpe, pbo, calmar, positive_years, stress, plateau)"
ridge|b|h7,ml_kol_b_h7,base,ridge,b,7,True,-0.033007747428559574,-2.777411349396415,0.2872032389711749,0.16453685692813425,-0.22819601073917684,0.037546654370562926,0.5,0.06492920030990049,-0.2930830554964951,0.7084214686619302,51.576911777923094,0.6804865987488289,0.028937092208794604,"KALDI (net_sharpe, deflated_sharpe, pbo, calmar, positive_years, stress, plateau)"
ridge|b|h3,ml_kol_b_h3,base,ridge,b,3,True,-0.028108259408180403,-3.3467276244193407,0.5671747512344399,0.6304662454592329,-0.1558335117204781,0.09824776905113719,0.5,0.15151994139893965,-0.08748670006121624,0.12687361648432874,55.1669746706049,0.5227926943749016,-0.08166341726230598,"KALDI (net_sharpe, deflated_sharpe, pbo, calmar, positive_years, stress, plateau)"
ridge|d|h7,ml_kol_d_h7,base,ridge,d,7,True,-0.043216808015491506,-3.448418432983245,-0.1203842398269501,-0.10245851356052797,-0.297512000961634,-0.030482637384947386,0.5,0.01368453918852813,-0.8662397099360818,-0.24739664856753812,49.39374759548498,1.3974071159951382,-0.09602419063826324,"KALDI (net_sharpe, deflated_sharpe, pbo, calmar, positive_years, stress, plateau)"
lightgbm_reg|a|h7,ml_kol_a_h7,base,lightgbm_reg,a,7,True,0.013251698416624547,1.0295298794149086,0.6410724152036478,0.5303830795506004,-0.19582164425240878,0.1038604867212547,0.75,0.18466807374282418,-0.27165052119356226,0.04673970646205321,76.7350950325549,0.4721829037272169,-0.12175726620223537,"KALDI (net_sharpe, deflated_sharpe, pbo, calmar, stress, plateau, beats_ridge)"
lightgbm_reg|b|h7,ml_kol_b_h7,base,lightgbm_reg,b,7,True,0.00550730629762115,0.425359221973275,-0.044266333326689805,-0.06562741668135334,-0.3179445810791002,-0.02086588150405644,0.5,0.01845857929623335,-0.7784525630704376,-0.22796745051163364,69.85323338212352,1.0772135383548056,-0.06808767270079114,"KALDI (net_sharpe, deflated_sharpe, pbo, calmar, positive_years, stress, plateau, beats_ridge)"
lightgbm_reg|b|h3,ml_kol_b_h3,base,lightgbm_reg,b,3,True,0.00941909391695382,1.1108625015521976,1.1030303037622158,1.1254102675677906,-0.17360267251239103,0.19537423012265354,1.0,0.4604756445154734,0.03889395051104411,0.20541604866082738,92.1497317016256,0.39373463569606,-0.18177679181372725,"KALDI (deflated_sharpe, pbo, calmar, stress, plateau, beats_ridge)"
lightgbm_reg|d|h7,ml_kol_d_h7,base,lightgbm_reg,d,7,True,0.018676203445302426,1.510280161878288,-0.38858810125460463,-0.18918113883065607,-0.3717412362219644,-0.07032643041878717,0.5,0.005016520299720973,-0.8599122917064373,-0.8395337307743861,49.15752276527277,22.942083277009893,-0.07673108404666205,"KALDI (net_sharpe, deflated_sharpe, pbo, max_drawdown, calmar, positive_years, stress, plateau, beats_ridge)"
xgboost_reg|a|h7,ml_kol_a_h7,base,xgboost_reg,a,7,True,0.0122449731406744,0.9419047751525839,0.5159614180015014,0.35058619949595243,-0.22138224007438534,0.07761355818357929,0.5,0.13148971087805145,-0.6762536823886797,0.219656749801581,73.89432602812245,0.5244758535506301,-0.1352758426233325,"KALDI (net_sharpe, deflated_sharpe, pbo, calmar, positive_years, stress, plateau, beats_ridge)"
xgboost_reg|b|h7,ml_kol_b_h7,base,xgboost_reg,b,7,True,0.0028235743833098246,0.2107823916268516,0.11033565355527482,0.016144635459183328,-0.2922648796159588,0.0047185099389217555,0.5,0.03460074751375104,-0.7142759790471467,-0.2469299778821025,69.17126707562429,0.8491684739864619,-0.05624283489341458,"KALDI (net_sharpe, deflated_sharpe, pbo, calmar, positive_years, stress, plateau, beats_ridge)"
xgboost_reg|b|h3,ml_kol_b_h3,base,xgboost_reg,b,3,True,0.010382532976143971,1.226902778235264,0.7795865196945055,0.5756655986076414,-0.22398854219817665,0.1289424982257663,0.75,0.25405418306149186,-0.13307869198754252,0.3998996051967986,89.82248979810204,0.4735169561880047,-0.20990128524647014,"KALDI (net_sharpe, deflated_sharpe, pbo, calmar, stress, plateau, beats_ridge)"
xgboost_reg|d|h7,ml_kol_d_h7,base,xgboost_reg,d,7,True,-0.0008939798567640186,-0.07383596631228943,-0.27391762744397713,-0.1418903286941683,-0.4320298577935969,-0.061300858528028246,0.5,0.00948850244446426,-0.6945120906604036,-1.0649999697142785,47.87796284987437,3.945295854137378,-0.0746340645651999,"KALDI (net_sharpe, deflated_sharpe, pbo, max_drawdown, calmar, positive_years, stress, plateau, beats_ridge)"
