signal,dir,N,band,sharpe,calmar,max_dd,annual_return,turnover,cost_to_gross,positive_years,corr_btc
a20,LF,10,0.0,0.39027741704165386,0.1649856958433579,-0.4331478484839655,0.0714631991851804,33.283492402202945,0.2829894262712879,0.6,0.6218046906063516
a20,LF,10,0.1,0.40995272817083667,0.18229435041949826,-0.42064311836575696,0.07668086402091778,30.998320062160776,0.26487835233976,0.8,0.6212693469067083
a20,LF,10,0.25,0.4343573205331766,0.2002430413327381,-0.41664064050052274,0.08342938899664465,29.665310360553015,0.24981308259695445,0.8,0.6210158136686638
a20,LF,20,0.0,0.3497628079625459,0.12643063754010805,-0.4681266861604031,0.05918555538079784,32.84914509795395,0.30222313909138127,0.8,0.623708473216718
a20,LF,20,0.1,0.37138604084412297,0.14188970028732437,-0.45750875661903867,0.06491578035550183,30.609636825851467,0.279480842146227,0.8,0.6233814961177069
a20,LF,20,0.25,0.4161027826521823,0.1753538493936278,-0.4432634648294468,0.07772795485340045,29.272068342628835,0.24954472910462697,0.8,0.6190801605771478
a20,LF,30,0.0,0.29698984857800714,0.10891934939144184,-0.4084617258226454,0.044489385427908035,33.37869007215454,0.40549677131042705,0.6,0.6167342499785976
a20,LF,30,0.1,0.31578275709030756,0.12222967616350938,-0.40525846355820017,0.04953461076324017,31.197571868021946,0.37975508065220537,0.8,0.6162016628247213
a20,LF,30,0.25,0.3406910352131526,0.14196256106117583,-0.3979715695387963,0.05649706324126336,29.872994902372245,0.3523404061213901,0.8,0.6124707983881359
a20,LS,10,0.0,0.10599949117838263,-0.017856058020038024,-0.37133517193952137,-0.00663058237503289,53.368606706696234,0.6999185503968991,0.8,-0.058620530607897584
a20,LS,10,0.1,0.16253400218216427,0.023920296156007662,-0.3617114647427455,0.008652245359669797,49.73396315414827,0.5943942964281229,0.8,-0.05541994958101471
a20,LS,10,0.25,0.24031013625897987,0.08562770755677016,-0.34119270725723017,0.029215549357524795,46.885606235080836,0.49291847936498856,0.8,-0.0403499050395048
a20,LS,20,0.0,0.12225091546994543,-0.005173331584725707,-0.3445792517074411,-0.0017826227262992544,52.16185625712586,0.6762493105745127,0.6,-0.10498362389129504
a20,LS,20,0.1,0.16329237487211357,0.028044338090618712,-0.328539472793132,0.009213672051124222,48.614902209621775,0.6003587918321132,0.6,-0.10184417562178086
a20,LS,20,0.25,0.2262539492034378,0.08321047337436854,-0.30812165706615946,0.025638948941369977,45.768216878788486,0.5138396430098977,0.6,-0.08745203745535561
a20,LS,30,0.0,0.17584540285003838,0.04393788422892284,-0.2786670525474073,0.012244040693243141,52.055365121854635,0.6520691094213359,0.4,-0.13150532416878363
a20,LS,30,0.1,0.21421208793456095,0.0826231978210682,-0.2715889350411793,0.0224395463059206,48.49152854415022,0.5957476247541141,0.6,-0.12865979420373186
a20,LS,30,0.25,0.2508439873656576,0.12189221909252212,-0.2624152083320912,0.0319863720672251,45.61906394950002,0.5501441273542217,0.6,-0.11465536135051534
a60,LF,10,0.0,0.4211624077776423,0.19965138443912944,-0.4041332816270966,0.08068576917477843,22.12443779394835,0.23914198808574177,0.8,0.6588296622539793
a60,LF,10,0.1,0.43909195002019574,0.21358834775152938,-0.39982751891964186,0.08539849915163966,20.00251012616628,0.22221000160961984,0.8,0.6569027265531878
a60,LF,10,0.25,0.4551082951452376,0.21854066743635414,-0.40709451476518954,0.08896670696646325,18.726279137339922,0.21325955869291013,0.8,0.661297259549375
a60,LF,20,0.0,0.39398993163778445,0.15827673441209344,-0.4517009568598386,0.07149375238259315,22.675693867920877,0.24151759591651725,0.8,0.6529905534152775
a60,LF,20,0.1,0.41150285063683517,0.17182586367423847,-0.4422627536031548,0.075992179608809,20.547803233879414,0.22291724798372084,0.8,0.6523095312582552
a60,LF,20,0.25,0.4418558464396952,0.19720189842971858,-0.427851686501877,0.08437316482452695,19.300934619905824,0.20486811373162983,0.8,0.6473699923416978
a60,LF,30,0.0,0.419050211106473,0.20528794621801644,-0.379781253562414,0.0779645135559317,22.522413396276416,0.2568210434149603,0.8,0.6465006035321902
a60,LF,30,0.1,0.4422615976411183,0.22600247235773113,-0.37153652413130567,0.08396817302487292,20.410453282165022,0.23440653502756217,0.8,0.6457184718134994
a60,LF,30,0.25,0.470464773866966,0.24587138021946012,-0.3736645122647373,0.09187340936956234,19.146203132686836,0.21588866366942464,0.8,0.6385464273416591
a60,LS,10,0.0,-0.07028421240987981,-0.10718052437421023,-0.47636019661617424,-0.051056535664323444,37.54748936451384,1.6170176814196637,0.4,0.15896081321107686
a60,LS,10,0.1,-0.03306900903450476,-0.0870488261013759,-0.4680631210806657,-0.04074434523141812,34.08764115692969,1.2338597441055825,0.4,0.16184874538774585
a60,LS,10,0.25,0.02570457761612096,-0.05609124158324599,-0.44960894417709685,-0.025219123905825702,31.758874271819597,0.869772463098514,0.6,0.16745657343821033
a60,LS,20,0.0,0.07812751882556851,-0.027077666028111604,-0.4710513124716944,-0.012754970121212184,38.097307066658765,0.7088709056269781,0.8,0.05606796803684318
a60,LS,20,0.1,0.12765016853872316,0.0005919791957307692,-0.45395227570942154,0.00026873030307461576,34.482346479585495,0.5825650052620144,0.8,0.05837710560932201
a60,LS,20,0.25,0.1363418445650369,0.006765486246287707,-0.4455960583472185,0.0030146740041481213,31.853642499143696,0.5580548113861877,0.8,0.06439627028963538
a60,LS,30,0.0,0.23228934622510872,0.07681818037603091,-0.35262930208894383,0.027088341333742383,37.23381944605528,0.49169928169275096,0.8,-0.0131058832490644
a60,LS,30,0.1,0.2567901178449351,0.09781130763934084,-0.34309456564259544,0.03355852810945392,33.63978520736697,0.4487513281984899,0.8,-0.010935758225716538
a60,LS,30,0.25,0.32998809755329156,0.16598744040835062,-0.31610580673642197,0.05246959375839544,30.930848166721898,0.3767775261273549,0.8,-0.00359474153634488
a120,LF,10,0.0,0.4377562223720698,0.18597780893193372,-0.45063189750238164,0.08380753293233267,18.029209881658183,0.20320440972997952,0.8,0.6960857355148754
a120,LF,10,0.1,0.46949401418778286,0.2048989423611251,-0.4486894102122988,0.09193598560113703,15.988258525141982,0.1824998382783761,0.8,0.6956257288197443
a120,LF,10,0.25,0.47897653385521477,0.21323031975221815,-0.4391752455720185,0.09364547804058043,14.60792699405733,0.1727747587697334,0.8,0.6930786284134969
a120,LF,20,0.0,0.3252494939144445,0.1110223417099077,-0.46910140549838353,0.05208073653783951,18.649304515617036,0.25535972131119755,0.8,0.6904020650772564
a120,LF,20,0.1,0.3541016582457088,0.1299934050277709,-0.4591485034644097,0.05968627737874388,16.582688021247304,0.22661799502301674,0.8,0.6895271044253504
a120,LF,20,0.25,0.34502617680876996,0.12667435465933533,-0.44914125112741665,0.05689467813745197,15.085112498588284,0.22408966304735606,0.8,0.6851213643964472
a120,LF,30,0.0,0.3315603704999904,0.12468811028817724,-0.43055037693226716,0.05368451288354681,18.722022538507712,0.2717821724343072,0.8,0.6673500734086161
a120,LF,30,0.1,0.35772996603037244,0.14344522740502402,-0.42223948163248215,0.06056823846215087,16.700271688643603,0.2433240620649711,0.8,0.666289391973554
a120,LF,30,0.25,0.3857394187912076,0.16762265733098894,-0.40552134054852695,0.067974564707169,15.18569403450846,0.2167179218111564,0.8,0.661001999633879
a120,LS,10,0.0,0.43535352705514346,0.30500014120761354,-0.27378548054396035,0.08350461022650224,30.982178108233065,0.2683385939714927,0.8,0.2198532563444819
a120,LS,10,0.1,0.45623201981294215,0.331605279794752,-0.26692506370544755,0.08851376043427694,27.48315646269661,0.24598490699595468,0.8,0.22137818919292812
a120,LS,10,0.25,0.4735700169692881,0.3635661516458791,-0.252883441323028,0.09193985957677975,25.020534635977334,0.229802165345718,0.8,0.22838955883546402
a120,LS,20,0.0,0.24760373774724112,0.09139389463375726,-0.33966161360051506,0.031042997724537447,33.88781442542893,0.4265641825236408,0.6,0.09493918126206183
a120,LS,20,0.1,0.27672954028838026,0.11693400065688103,-0.33086292852604016,0.03868912590160156,30.001728791351827,0.3818460574471385,0.6,0.09744386367212078
a120,LS,20,0.25,0.2931220710744178,0.13681123890680286,-0.31293645914126655,0.04281322467422477,27.242359562843244,0.3559306733134364,0.6,0.11172670428488209
a120,LS,30,0.0,0.13193320396813638,0.0027176279456003444,-0.3457562951144789,0.0009396369699703477,32.243121273108805,0.6290406815687141,0.4,0.010446457539190964
a120,LS,30,0.1,0.15622019353256494,0.02230682781236578,-0.3366417145378454,0.007509408760655312,28.49896839275305,0.5695515899168231,0.4,0.012964310257898671
a120,LS,30,0.25,0.17201780391899438,0.03646209415350004,-0.32858496958365135,0.011980896098384042,25.805676497398323,0.5347293998393516,0.6,0.025187231713902115
a250,LF,10,0.0,0.016491533191174405,-0.03992011670337777,-0.6664327778452956,-0.026604074266540434,14.070401546322628,0.8850398372194775,0.6,0.7536482383502895
a250,LF,10,0.1,0.03614026230570778,-0.03200391300045446,-0.6580966051368982,-0.02106166649669572,12.05509035540175,0.768829023141384,0.8,0.7530657199625251
a250,LF,10,0.25,0.05071015808706709,-0.025126778427651767,-0.6519095521697843,-0.01638038687223986,10.65835575848929,0.6990435879872954,0.6,0.7505288026296941
a250,LF,20,0.0,-0.01842106765382019,-0.05632866357203139,-0.6189597352922334,-0.03486517469390982,15.101142406195404,1.1584032126436061,0.8,0.7468107127934425
a250,LF,20,0.1,-0.01129355367475193,-0.05262728656847104,-0.6144149571807417,-0.03233499202350576,12.969898288909821,1.0977737486169268,0.8,0.747170045496381
a250,LF,20,0.25,0.008612480200693442,-0.04362093182969357,-0.6061791703722172,-0.026442100267386692,11.616586122219163,0.9347545277927704,0.8,0.7444015775798094
a250,LF,30,0.0,-0.001707482541617303,-0.05421249016352804,-0.5649604788417205,-0.030627914401988865,16.023864556904545,1.011709431864765,0.8,0.7403227365239244
a250,LF,30,0.1,0.014811257906855398,-0.04667200921008604,-0.5563773196843249,-0.025967247388589798,13.89325363849463,0.9025567597205786,0.8,0.7405480954839754
a250,LF,30,0.25,0.029154752649970656,-0.03952439917722085,-0.5411316300107873,-0.021387902551966542,12.501948326215494,0.8187065177773589,0.8,0.7370590978645661
a250,LS,10,0.0,0.34681689283330197,0.1112846463804372,-0.5192440319109489,0.0577838884763624,22.8280679928572,0.31713270123559106,0.6,0.4217324063327324
a250,LS,10,0.1,0.37926633793070236,0.13026827897670884,-0.5084637940471554,0.06623670337249066,19.502746040738703,0.2835132694470507,0.6,0.4200133553839497
a250,LS,10,0.25,0.4548689872562257,0.17512158084776525,-0.48829121678222154,0.08551032979698148,17.4440097748366,0.242481210923374,0.6,0.41940436954581567
a250,LS,20,0.0,-0.14368879614751812,-0.13779328744856414,-0.497919674483012,-0.06860998883233316,29.356562327686255,4.771933466687685,0.4,0.3347678767690715
a250,LS,20,0.1,-0.11859271349955719,-0.1281230949890348,-0.4793160992090161,-0.061411462108730386,25.191743009307675,3.484599883478879,0.4,0.3343812612124499
a250,LS,20,0.25,-0.05673276752536281,-0.1015545448351226,-0.4436116571127309,-0.04505077992163786,22.631613549856905,1.5561488318261816,0.4,0.33122288869162514
a250,LS,30,0.0,-0.2529468103323968,-0.1648258831789001,-0.5716673333853813,-0.0942255731097722,35.129781059273036,,0.4,0.2300226702822952
a250,LS,30,0.1,-0.22740353388364426,-0.1548448224507094,-0.5608248198772561,-0.0868408196598448,30.407666298730028,,0.4,0.23157980117658733
a250,LS,30,0.25,-0.20789235089847252,-0.14773978353849399,-0.5459479541984082,-0.08065823257655647,27.392662648510374,,0.4,0.2259055537265631
b20,LF,10,0.0,0.7396221095189415,0.49201867887665135,-0.35442233233258735,0.1743824077186611,29.80399297721642,0.11352554720519732,0.8,0.5120653871421469
b20,LF,10,0.1,0.7497882206478663,0.5060887496879761,-0.3493571426868638,0.17680571953695878,28.449791038897427,0.10910740802494319,0.8,0.5137699552631627
b20,LF,10,0.25,0.7778670846447296,0.5617634985419635,-0.32512506204785974,0.18264339231967863,25.067941955245605,0.092224958305715,0.8,0.5139792272238932
b20,LF,20,0.0,0.7538019686007976,0.4555581389667107,-0.388983213573073,0.1772044688646397,30.705878813697215,0.08381839982840264,0.8,0.5166477523886749
b20,LF,20,0.1,0.768674330568166,0.46532909727200444,-0.3895147060988031,0.18125252656312618,29.203860942473856,0.07696402542541261,0.8,0.5177501958041855
b20,LF,20,0.25,0.7731609084453741,0.4723451452777002,-0.382882218457241,0.18085255710143366,26.006600694322916,0.056082166116295074,0.8,0.5176258894473038
b20,LF,30,0.0,0.8092231550037284,0.5780137851846158,-0.3328726776066536,0.19240499636796016,30.475708066425124,0.1203678612408386,0.8,0.5136153275621576
b20,LF,30,0.1,0.8191981105382056,0.5799866393821909,-0.33589119459654726,0.19481240515212095,29.03445933046515,0.11348983566268124,0.8,0.5149385349362557
b20,LF,30,0.25,0.8286527570674689,0.5984669112914065,-0.32628466916990895,0.19527057815985382,25.769514231224104,0.09526573718170217,0.8,0.5171245730159344
b20,LS,10,0.0,0.21525669539224226,0.06586368875605272,-0.33983751311218213,0.022382952191251748,47.463079235653716,0.4822671248388443,0.6,-6.040119659780037e-05
b20,LS,10,0.1,0.22599098180119823,0.07526355283383322,-0.33606948481340604,0.025293783426092897,45.70933697629655,0.4638225671294039,0.6,0.000538264260885948
b20,LS,10,0.25,0.24558289963485522,0.09414625741919916,-0.32530216951401547,0.030625981790090462,40.788446855980965,0.4206516263414089,0.6,0.0023979761366089984
b20,LS,20,0.0,0.22107416275640376,0.06890073287371093,-0.3462583005883454,0.02385745067414269,46.635094839483536,0.46988782814140695,0.6,-0.048657466806433625
b20,LS,20,0.1,0.2482705536503257,0.0929544141313222,-0.3357255731609362,0.031207173962077173,44.8124879623798,0.4333244910935905,0.6,-0.048745051247188635
b20,LS,20,0.25,0.3023796870008226,0.14308861603778522,-0.3192648093971766,0.04568315972620929,39.74188029572335,0.35959769749539666,0.6,-0.04549233606015206
b20,LS,30,0.0,0.22347310303676643,0.08817537413703745,-0.278971121080661,0.02459838297471606,45.25021109476005,0.538808640853875,0.6,-0.07989863867402534
b20,LS,30,0.1,0.24354148186284794,0.10748094111120648,-0.27913523677223806,0.030001717945579598,43.44484490421858,0.5103900689326978,0.6,-0.08036459648042324
b20,LS,30,0.25,0.30456888414818295,0.16918170230758803,-0.27334874021848043,0.04624560519379717,38.50188097284599,0.4317931526739259,0.6,-0.07528334195907282
b60,LF,10,0.0,0.4305903817338907,0.1763239684927726,-0.467248318814693,0.08238707784498289,20.03786357871582,0.15399387465045322,0.8,0.5844784944304955
b60,LF,10,0.1,0.44458493850093245,0.18806816091098386,-0.4573962529872875,0.08602167210689426,18.235031525118856,0.14175376687601351,0.8,0.5847463609570615
b60,LF,10,0.25,0.45079612795198176,0.1909193139043687,-0.4556774882349711,0.08699763341548672,15.208661093679833,0.1229015578483485,0.8,0.5828808735603379
b60,LF,20,0.0,0.30351418469343905,0.09482873206457149,-0.48621417712655224,0.046107073928729925,20.61066225183307,0.21417830359189463,0.8,0.584549961360477
b60,LF,20,0.1,0.3132534203185354,0.10131916219470787,-0.480236985051968,0.04865720898037784,18.85588007751355,0.1968770714314565,0.8,0.5852328136638771
b60,LF,20,0.25,0.345970035449954,0.12176967108446825,-0.4693008338331103,0.05714660817552453,15.659823301348318,0.15569089029508168,0.8,0.5835850712049515
b60,LF,30,0.0,0.3787231945588876,0.16895483380705634,-0.39313870192997313,0.06642268404770046,20.246355910500775,0.21222607320720724,0.8,0.5781923962833446
b60,LF,30,0.1,0.38614607552904395,0.17320422134613506,-0.3942200466183945,0.06828057621357608,18.473253657585825,0.19592200634699192,0.8,0.5786172047030897
b60,LF,30,0.25,0.4287181135476714,0.20537451519716093,-0.3855028373549133,0.0791724583288953,15.48414337980446,0.15616027860738263,0.8,0.5796929501920309
b60,LS,10,0.0,-0.02577775830693704,-0.07225738081788646,-0.5518999178766559,-0.03987884253937379,31.55476945499774,1.2263807826519746,0.4,0.17642747970644274
b60,LS,10,0.1,-0.010467523486025955,-0.06520996077813733,-0.5471554297705729,-0.035679984114883934,29.22209823140064,1.0860193149575654,0.4,0.1760971217364675
b60,LS,10,0.25,0.047860094730328,-0.036976108309209985,-0.5294309436069182,-0.01957629591305665,24.50979044529446,0.7119976173347934,0.4,0.18175465989310033
b60,LS,20,0.0,-0.06670474376346115,-0.09637508688075347,-0.5171607173878427,-0.049841409069566134,32.578193459746245,1.7578221369311222,0.4,0.06757924088106586
b60,LS,20,0.1,-0.04224523271752042,-0.08517782358460595,-0.5087518608333912,-0.04333437625040659,30.091382506574405,1.405628011403942,0.6,0.06735873784615036
b60,LS,20,0.25,-0.010139885979306321,-0.06794778612058892,-0.4905216429383884,-0.0333298596818975,25.045807144722573,1.0856872409451352,0.6,0.07100749539886067
b60,LS,30,0.0,0.1532146523704128,0.018716604583341418,-0.3248822126558144,0.006080691910439917,32.1977525432555,0.5599857753266733,0.4,0.004997944567994787
b60,LS,30,0.1,0.17583613019126013,0.038102512589249946,-0.3182515955679517,0.012126185426676761,29.7690147361921,0.5110503399279874,0.4,0.00574863872387894
b60,LS,30,0.25,0.2302601230292094,0.08680738459902022,-0.3074505670109219,0.026688979615703934,24.56427191905663,0.4100734700536881,0.4,0.007878669030077808
b120,LF,10,0.0,0.5043633916316029,0.22200836863764484,-0.46087881235958394,0.10231895327160645,16.247037508897954,0.16167153498892456,0.8,0.61207659885508
b120,LF,10,0.1,0.5130472973857545,0.23098264842226748,-0.45036069306797843,0.10402550563012958,14.348585225276244,0.15116318063042739,0.8,0.6123139227572317
b120,LF,10,0.25,0.5740575201914855,0.28347066513582087,-0.42358715935599256,0.12007453380563615,11.757464889823307,0.12530216241428266,0.8,0.6091062049826776
b120,LF,20,0.0,0.3606477342221922,0.12355130477907901,-0.5010328065849863,0.061903256990698985,16.566936730325125,0.22780182313146763,0.8,0.600874821343794
b120,LF,20,0.1,0.3844370393239503,0.13982072951903055,-0.48793783801914203,0.068223824471775,14.651339497558327,0.20625633670263588,0.8,0.6025252345837238
b120,LF,20,0.25,0.38674989341191823,0.14345304745891396,-0.47431471409791937,0.06804189119195003,11.87796079148173,0.19008884041626084,0.8,0.6050811192309403
b120,LF,30,0.0,0.4170210320554408,0.17144380419301405,-0.4530780131824971,0.07767741817621987,16.39801683577015,0.22658222875299724,0.8,0.5855928418676628
b120,LF,30,0.1,0.45167369302561544,0.1961288297088051,-0.4436665851511684,0.08701580812660059,14.510661944148236,0.2024967293572583,0.8,0.587006556354344
b120,LF,30,0.25,0.44942370205711374,0.1989343529375848,-0.42942339741203983,0.08542706570042347,11.760839908223174,0.1831196997074755,0.8,0.5876195939324141
b120,LS,10,0.0,0.4029089473350253,0.19872758984361685,-0.3700921246194402,0.07354751594572484,25.934342864200044,0.2553428204359181,0.6,0.2440014057960396
b120,LS,10,0.1,0.41669409917398215,0.21557497964319647,-0.3568144769633619,0.07692027360777454,23.334892941064478,0.23694914157255648,0.8,0.24290126166029685
b120,LS,10,0.25,0.4751690653588569,0.2833251024358307,-0.32396064066695185,0.09178618170214148,18.976615344565122,0.197439763988937,0.8,0.25059717475543036
b120,LS,20,0.0,0.17600000836334073,0.02889329401979038,-0.4140782236256353,0.011964083862407993,27.32506701710134,0.5015505681797493,0.4,0.12304490344831992
b120,LS,20,0.1,0.19717440248126084,0.04496513398193382,-0.39386014068790653,0.01770997399617502,24.501901744279017,0.45837396134210956,0.6,0.12258159018920932
b120,LS,20,0.25,0.1844827765736094,0.040067766389612285,-0.37361229938387697,0.014969810331999067,19.935560620394057,0.449201588686415,0.4,0.12848520090658458
b120,LS,30,0.0,0.07317777368207509,-0.03717065361939969,-0.3940341429127594,-0.014646506640427215,26.295150634395686,0.7484277538488777,0.4,0.04472522029782679
b120,LS,30,0.1,0.08560100446201345,-0.02890952551525388,-0.38192294034842855,-0.011041210988863681,23.54319008241311,0.7053732862583951,0.4,0.04495114481959374
b120,LS,30,0.25,0.10009898240660405,-0.017104092958602535,-0.3612311287040604,-0.006178530804895166,19.093822342709366,0.6483088879611113,0.4,0.048765922794943045
b250,LF,10,0.0,-0.07797824087961895,-0.07571321076792582,-0.6014834146018845,-0.04554024054316419,14.008940878691797,2.201350049611877,0.6,0.7212443409432271
b250,LF,10,0.1,-0.08675597364057998,-0.07854339884612145,-0.5939950670647584,-0.04665439146509598,12.037673270413352,2.750504780014624,0.6,0.7207459349464527
b250,LF,10,0.25,-0.056845997575540715,-0.06586408745099151,-0.5827429276597222,-0.03838183114882676,9.450513309675715,1.806956728211242,0.6,0.7208368962883971
b250,LF,20,0.0,0.07937843258862075,-0.02024602612504703,-0.5108663727179048,-0.010343013928454714,14.340590202029073,0.6443849915512802,0.6,0.7061968899289092
b250,LF,20,0.1,0.07319181414723921,-0.022587166456046068,-0.5059319961932074,-0.01142757021345564,12.231935699107696,0.6504933803097108,0.6,0.7061206152478438
b250,LF,20,0.25,0.10230260934640631,-0.0073481255248008205,-0.4904219559148496,-0.003603682092180649,9.564665987404421,0.554410762258273,0.6,0.7036901540255512
b250,LF,30,0.0,0.12597592483679734,0.001419522016188677,-0.45340450950817746,0.0006436176834860863,15.193108708398826,0.5457401428477173,0.6,0.6919215645636442
b250,LF,30,0.1,0.1336515001136662,0.006354313792644881,-0.44357760882537656,0.002818631317867526,13.04654725544999,0.5145830786170517,0.6,0.6918983456078338
b250,LF,30,0.25,0.14417115864231947,0.01421059975049091,-0.4330620460873187,0.006154071404075534,10.250222762305558,0.4727606586983986,0.6,0.6929002575879782
b250,LS,10,0.0,-0.055832460447768406,-0.07531903390602152,-0.5692486336340481,-0.04287525713763929,19.326171495501605,1.5216983145904646,0.6,0.44501094766993865
b250,LS,10,0.1,-0.04494489820281918,-0.07052786096732819,-0.5586121654229268,-0.03939772113760631,16.61457690226935,1.4126630654717314,0.6,0.44297835191093515
b250,LS,10,0.25,-0.03932308884342566,-0.0670622098287774,-0.5404586713353099,-0.036244352820870795,13.050715418222833,1.3772629572084243,0.6,0.44087959056665266
b250,LS,20,0.0,-0.30879070815334153,-0.18143169498695005,-0.5627590015757034,-0.10210231952504356,24.071513321763778,,0.2,0.3630084235112506
b250,LS,20,0.1,-0.29127604003912744,-0.1746086470897035,-0.5539571801981072,-0.0967257137800186,20.729174698577218,,0.4,0.3621508328488702
b250,LS,20,0.25,-0.341799688702566,-0.18199243995407402,-0.5669895058013565,-0.10318780358914348,16.154894135226737,,0.2,0.3637838872322164
b250,LS,30,0.0,-0.29757595289076855,-0.17941308648060977,-0.5645443878669307,-0.10128665108251256,28.237221136700423,,0.4,0.25447144409268324
b250,LS,30,0.1,-0.27694388689884414,-0.17079679433114936,-0.5597366360660483,-0.09560122310978225,24.58624408321324,,0.4,0.2530639070850552
b250,LS,30,0.25,-0.24293380227453348,-0.15809227808843235,-0.5322819476491337,-0.08414966568919924,19.38233961971386,,0.6,0.25300217545568604
c_mix,LF,10,0.0,0.20817772433264353,0.03857582142939834,-0.5280983685228522,0.020371828361294142,15.078784083142281,0.29821110718809224,0.6,0.6335569988659344
c_mix,LF,10,0.1,0.21623705504076116,0.04339307700325125,-0.5221352519189875,0.022657055192632614,13.044181212424842,0.2742203957460134,0.6,0.6326025234874356
c_mix,LF,10,0.25,0.26358879984314276,0.06806200401538656,-0.517918829729216,0.03525059346867421,11.678489382077617,0.23087414121098293,0.8,0.6284348466947204
c_mix,LF,20,0.0,0.24266050913381862,0.05501834953207234,-0.5358470839449079,0.029481422160222648,15.248394778871942,0.23562274234234235,0.8,0.6167685823625391
c_mix,LF,20,0.1,0.26025044000723707,0.06501781212605379,-0.5273033362282222,0.03428410924832792,13.180896939248525,0.2034850161471993,0.8,0.6159216517927811
c_mix,LF,20,0.25,0.2713577259926563,0.07129405910706378,-0.5228231516970295,0.037274184679629396,11.783069611036781,0.1853744352649152,0.8,0.6113849329476536
c_mix,LF,30,0.0,0.3824455608946559,0.15728589677361582,-0.4335205423199513,0.0681866672685778,15.131493230319121,0.17729729811884293,0.8,0.6018969988552316
c_mix,LF,30,0.1,0.40019507471707283,0.17174311926475552,-0.42454275548031595,0.07291229708744384,13.119601886662785,0.15420825797078508,0.8,0.6003293960134615
c_mix,LF,30,0.25,0.40768666929039615,0.1798457327608818,-0.41763799078128405,0.07511041048084244,11.651452837147513,0.14075236709858505,0.8,0.5931560888967733
c_mix,LS,10,0.0,-0.22355539401508254,-0.14840659036860154,-0.5947702645606052,-0.0882678270160705,24.021391226912627,,0.4,0.11715889573732044
c_mix,LS,10,0.1,-0.19563318471932242,-0.13673383367519168,-0.5858108168074719,-0.08010015879048105,20.846430024837108,,0.4,0.11984876845205375
c_mix,LS,10,0.25,-0.09819722254479277,-0.09780976253644033,-0.5680084450461205,-0.05555677112865376,18.463385691562415,5.661628971844943,0.4,0.12324391076476543
c_mix,LS,20,0.0,0.07660971258784086,-0.02797260597556065,-0.4854909217387039,-0.013580446258508516,23.657452732414026,0.6464008234594449,0.4,-0.012029403576029694
c_mix,LS,20,0.1,0.10272992466557221,-0.013383417868469296,-0.4762928444388217,-0.006374426164886593,20.40324993655888,0.556367611148919,0.4,-0.00972806313749593
c_mix,LS,20,0.25,0.12476645494114057,-0.0006278511237064316,-0.47533710657777273,-0.00029844093650421843,17.84507420891774,0.49147575781271646,0.4,-0.0009909207557609902
c_mix,LS,30,0.0,0.31005903526215145,0.15264482236962712,-0.31213198631058814,0.04764533160625861,23.00325567583042,0.36089446857880164,0.8,-0.09164619941425536
c_mix,LS,30,0.1,0.32996658138877055,0.1729435981659308,-0.3049948746927367,0.052746911051529066,19.766105623682837,0.3273886600558876,0.8,-0.08779873832336585
c_mix,LS,30,0.25,0.39470242244215953,0.23171307051666434,-0.29959194441290105,0.06941936934197113,17.187174926609803,0.27553639919104905,0.8,-0.07863002193322703
d20_10,LF,10,0.0,0.5458080325076522,0.3547354496482588,-0.321350168101025,0.11399429637586067,16.265833437146238,0.14724109392954404,0.8,0.5706666489341482
d20_10,LF,10,0.1,0.5869300667022868,0.400034544487156,-0.31254246122561324,0.1250277811092828,14.427182848159099,0.13067678125639395,0.8,0.5691919539994913
d20_10,LF,10,0.25,0.6071667494146538,0.4240647634956672,-0.30992016300446723,0.13142622062702802,13.306968470461614,0.12306564338314382,0.8,0.5633536536671081
d20_10,LF,20,0.0,0.5234498505459836,0.3054459175027317,-0.35104651950181043,0.10722572623537108,16.680239658741886,0.13068112772898685,0.8,0.5798389241494047
d20_10,LF,20,0.1,0.5618826282500333,0.35384748522522735,-0.33214195156974413,0.11752759430075321,14.720568463857045,0.11170172470385786,0.8,0.5774228445627223
d20_10,LF,20,0.25,0.5777354131791479,0.3871335767368199,-0.31497728562385985,0.12193828317441979,13.39444373526956,0.10367182059971204,0.8,0.5717823699392495
d20_10,LF,30,0.0,0.46956123330522587,0.24807526198883392,-0.3707598953855997,0.09197635818273531,16.75202768948352,0.17583931120218557,0.6,0.5749839824093597
d20_10,LF,30,0.1,0.5066654363032906,0.27940338093553047,-0.36461448668729823,0.10187452031850408,14.789472202673256,0.15200523680917144,0.6,0.5732701683879277
d20_10,LF,30,0.25,0.502244129661003,0.2696570224771875,-0.3748885272155754,0.10109132400981014,13.482633126248881,0.14206990013604812,0.6,0.5655867330688222
d20_10,LS,10,0.0,0.12556805953202765,-0.0034293128099861826,-0.3896150735329258,-0.001336111962630171,24.450330928830343,0.5297555612118403,0.4,0.0432285203570721
d20_10,LS,10,0.1,0.16864802755358224,0.02796134929623721,-0.3694715113672745,0.01033092198434904,21.608203109239007,0.44144003447572405,0.4,0.04546470331914816
d20_10,LS,10,0.25,0.2302764485096621,0.07635839517550502,-0.3470507270183375,0.026500236559612533,19.5861234197868,0.35493060948090494,0.6,0.05213509113369247
d20_10,LS,20,0.0,0.12842185994396527,-0.0009005756181238599,-0.32474827587202126,-0.0002924603792781033,24.924242686592944,0.5358344392545491,0.4,-0.02269565940511538
d20_10,LS,20,0.1,0.1691834042703661,0.03401375922528397,-0.3119466654282227,0.010610478769005782,21.99393378888806,0.4494739729577625,0.4,-0.02011158481581343
d20_10,LS,20,0.25,0.2683338799913362,0.13443497973191046,-0.27115138157644514,0.03645223048650892,19.5891687858391,0.3273855138978896,0.6,-0.012767100848098886
d20_10,LS,30,0.0,0.14060101299192104,0.008491103297309493,-0.35171570351400017,0.002986454369823255,24.164059712302336,0.5575133970622406,0.6,-0.053176208283393527
d20_10,LS,30,0.1,0.1712533075912948,0.0326043333643011,-0.3440278981746556,0.011216800278706307,21.286055904157656,0.489602407145043,0.6,-0.050216702888877224
d20_10,LS,30,0.25,0.2409833718392727,0.09494222444912252,-0.3091857620531735,0.029354784017325386,19.01725713138649,0.39079742739007933,0.4,-0.04109475213288526
d55_20,LF,10,0.0,0.22456922966743992,0.04635294702551486,-0.5390500801599434,0.024986559809753395,12.843823443131614,0.24519685889164256,0.8,0.6162018563667635
d55_20,LF,10,0.1,0.24708631743227222,0.058092554145358154,-0.5330416029094543,0.030965748178745978,11.001289893841168,0.2119412965778754,0.8,0.6136931765032771
d55_20,LF,10,0.25,0.30561679472763864,0.08884147223460831,-0.5228312902993155,0.046449101560511075,9.929694572871131,0.1715429288279292,0.8,0.6062994157585171
d55_20,LF,20,0.0,0.22389943579467173,0.04740118836439879,-0.5195661887412562,0.02462805478029706,13.074636456388529,0.18601946073925693,0.8,0.594606860215044
d55_20,LF,20,0.1,0.24984892226928443,0.062185691071371986,-0.5087821957194757,0.031638972445625635,11.270659614805945,0.14943315428899095,0.8,0.5927292212546907
d55_20,LF,20,0.25,0.24272848488319815,0.0600738136591157,-0.4946174866951141,0.029713558728262424,9.939456336359125,0.13678770263390586,0.8,0.5888642384755769
d55_20,LF,30,0.0,0.23081724151354122,0.05846510326618152,-0.45343561608016825,0.026510160118691672,12.73211544730077,0.20339935283545169,0.8,0.5906755451681891
d55_20,LF,30,0.1,0.2422931252179708,0.06683210014337097,-0.4428761116829665,0.02959834064710276,10.872102242408562,0.17076128891424475,0.8,0.5887986343007656
d55_20,LF,30,0.25,0.2980960945166932,0.10732157841009834,-0.4143701853725612,0.04447086234026831,9.699437674497771,0.1273387077678061,0.8,0.5812263853009457
d55_20,LS,10,0.0,-0.2058625376268511,-0.13574471746282107,-0.607290050126481,-0.08243641627240161,18.413868212822354,,0.4,0.2016710135983531
d55_20,LS,10,0.1,-0.14217484420588083,-0.11134155873934332,-0.5959017917091959,-0.06634863434446936,15.801564958854298,,0.4,0.20298956983246857
d55_20,LS,10,0.25,-0.0839865370245002,-0.08845583922885514,-0.5818412147012471,-0.051467252944335296,14.049255497157912,5.918848190334323,0.4,0.20091218000144578
d55_20,LS,20,0.0,-0.14851116127129133,-0.1259319006272219,-0.5477932607392964,-0.06898464647568292,18.974566280927817,,0.2,0.10824928874420718
d55_20,LS,20,0.1,-0.10523642348657503,-0.10830621644863575,-0.5300765416999693,-0.05741058465970117,16.206767599981116,,0.2,0.10881521947806647
d55_20,LS,20,0.25,-0.04018311437689506,-0.08071288983535067,-0.5117416591769368,-0.041304148161307674,14.265867411052282,1.8411523395392453,0.2,0.11353501481763145
d55_20,LS,30,0.0,0.04260307693569411,-0.05831002553840108,-0.375694003405894,-0.02190672693322182,18.960979195265033,0.7626574334338141,0.4,0.04710339868571251
d55_20,LS,30,0.1,0.0792004566197071,-0.03368713107800621,-0.35979113940074015,-0.012120331273697937,16.266699678107866,0.6100326770083777,0.4,0.04842752291296509
d55_20,LS,30,0.25,0.16636061521155546,0.02934461548370619,-0.3445223504735797,0.010109875900189857,14.27613238323974,0.4053726732853444,0.4,0.0540700598825373
main,LF,10,0.0,0.2786896045060016,0.07101078224567116,-0.5548549370297935,0.03940068311135825,21.67835345083743,0.2600812430223125,0.8,0.6279875329903808
main,LF,10,0.1,0.2935272544684445,0.0788744715913639,-0.5492676468230346,0.04332319540539875,19.67880323425032,0.23751527872257538,0.8,0.6275862746882468
main,LF,10,0.25,0.3519288742080436,0.1117668596533301,-0.5303215516218658,0.059272374431257324,18.02849312795314,0.19541857081926528,0.8,0.624591296669617
main,LF,20,0.0,0.2720519777429932,0.0684409203245797,-0.5487963852312234,0.03756012967602751,22.070474216474942,0.23983721278612166,0.8,0.6088783107657463
main,LF,20,0.1,0.28236854901394387,0.07511524349808038,-0.5368985894323619,0.04032926827898775,20.012070583313292,0.21722144759574497,0.8,0.6074017002325818
main,LF,20,0.25,0.34508851229498394,0.10938161405042114,-0.5269467642168,0.05763828758868028,18.287532981570163,0.17068713883913975,0.8,0.6023704231940807
main,LF,30,0.0,0.45497996441281,0.21484965552156773,-0.4113011887513459,0.08836791871883798,21.94618003165011,0.18117573344130936,0.8,0.5959907886691029
main,LF,30,0.1,0.47452703007356556,0.23384273625172514,-0.3998383390818854,0.09349929126925316,20.016331731750327,0.16377715205470322,0.8,0.5951898997143519
main,LF,30,0.25,0.5215922251911284,0.27401057881989177,-0.39190087954668784,0.10738498684461262,18.117435560551826,0.13662767817910784,0.8,0.5901618743028579
main,LS,10,0.0,-0.011453249731111814,-0.06446066228891079,-0.5545108401957822,-0.035744136005400495,33.32275237416503,1.076522794129577,0.4,0.15937034059831254
main,LS,10,0.1,0.022365721029173193,-0.04855144439018961,-0.548134171609356,-0.026612705751254295,30.382566405735748,0.8724931949366781,0.4,0.1628073394547148
main,LS,10,0.25,0.05829040510899793,-0.03184823817366609,-0.5423401660439182,-0.01727257877931232,27.844451391664446,0.712277092878505,0.4,0.17106134999823844
main,LS,20,0.0,0.08939149266959427,-0.021521135182630914,-0.46662133415488116,-0.01004222081144679,33.44595179480968,0.6584243977776831,0.2,0.032509422734162234
main,LS,20,0.1,0.12313414596843412,-0.002189978278241688,-0.4590228200988209,-0.00100525000523366,30.343096012951985,0.5686215800717012,0.4,0.036402133176801924
main,LS,20,0.25,0.1544571103775045,0.0157259552190455,-0.45841969735745713,0.007209087632171762,27.5501243855024,0.4952553930048974,0.6,0.0449571413140399
main,LS,30,0.0,0.28747899723495546,0.13122875853202676,-0.31718645126440903,0.0416239842226076,32.234747486650306,0.4335120080988143,0.8,-0.048045787440834195
main,LS,30,0.1,0.3122957513896373,0.1538406215380794,-0.31262359773528736,0.04809420858306712,29.247402971554475,0.3987881404150853,0.8,-0.04467094483164437
main,LS,30,0.25,0.3774727392540632,0.2134549107549862,-0.3049735126358001,0.06509809392230936,26.51160470646616,0.339977880789026,0.8,-0.03581688311184134
