variant,annual_return,vol,sharpe,max_dd,calmar,underwater_days,capital_efficiency,bound_annual_return,trades,liquidations,funding_cap_events,skipped,lot_scale,pnl_liquidation,pnl_funding,pnl_basis,pnl_costs,pnl_leg_risk,positive_years,corr_btc,dsr,stress_sharpe,delay1_sharpe,tau5_sharpe,cash_rf_annual,status
A|BTC|1x,0.04270966888854155,0.004286815168632533,9.758841853935094,-0.002611140034108783,16.35671328639367,74,0.8905207242299628,0.04643047218185392,22,0,0,{},0.9409758399999999,-0.0,0.2191219178103592,0.00015132000000006495,-0.00891009138,-0.0032160765558373115,1.0,-0.11271753119072775,0.9992558738133561,7.9157583354662835,9.758841853935094,9.463672439430521,0.04728751463939518,KALDI (min_return)
A|ETH|1x,0.049082983630800436,0.005835141840355664,8.215153546890063,-0.009315670701124046,5.268862028890522,165,0.9866908476387525,0.047794176146851684,26,0,2,{},0.98461184,-0.0,0.2544762742867636,-8.724000000018916e-05,-0.009052553776000002,-0.0046192918193456185,1.0,-0.0430266135453388,0.5388024906311127,7.069480360874796,8.215153546890063,7.954353228082843,0.04963976969870121,"KALDI (deflated_sharpe, min_return)"
A|BTC|2x,0.023851025418436533,0.03594616774770458,0.674662451389063,-0.07728066214470264,0.3086286369257183,993,0.5959511097342415,0.04022074228173518,11,1,0,{},0.70573188,-0.07809720173308084,0.1940991135505208,0.0006196800000000532,-0.0034311869200000004,-0.001255185956209609,0.8,-0.052735087614209766,6.156064360107929e-21,0.6358661215519869,0.674662451389063,0.6657053877229174,0.04037078639831981,"KALDI (net_sharpe, deflated_sharpe, calmar, min_return)"
A|ETH|2x,0.060068673758160385,0.0076092619628064136,7.670556823745364,-0.014138087677087241,4.248712777153739,263,0.993743872515986,0.05769795256746264,67,0,2,{},0.9923041200000002,-0.0,0.3315915450828644,-0.000621279999999933,-0.020372991536000005,-0.010314803102586608,0.8,-0.03631083587970808,0.22496224470523385,6.235863834510836,7.670556823745364,7.33347810594646,0.060326791199349694,"KALDI (deflated_sharpe, min_return)"
A|BTC|3x,0.03309602574047754,0.05918538666634937,0.5824149820641857,-0.1288945640364848,0.2567682042130916,944,0.9205803588851342,0.03689824174483507,51,1,0,{},0.94097584,-0.13026325688046966,0.3108532179044232,0.0003771199999999612,-0.016039618676000005,-0.007076983480468669,0.8,-0.05614788406998546,8.36962189486877e-24,0.2017002912597437,0.5824149820641857,0.2009534502885044,0.03714082800672314,"KALDI (net_sharpe, deflated_sharpe, calmar, stress, min_return)"
A|ETH|3x,0.06602214670226747,0.00848777597378407,7.5373909413748095,-0.016869865575589227,3.913614273121525,338,0.9960595446258784,0.06297035889699679,103,0,2,{},0.9948682133333333,-0.0,0.37606277423169365,-0.00038128000000015716,-0.028026178972,-0.014176689723836929,0.8,-0.03533555597935432,0.16424843146491785,5.499853569179217,7.5373909413748095,7.01516255801363,0.06618338587372041,"KALDI (deflated_sharpe, min_return)"
A|BTC|PM,0.07233178264436746,0.00657339360329812,10.628265330069642,-0.0031527248160265753,22.94262482937799,60,0.7909597336640674,0.08641553411821427,41,0,0,{},0.7763050680000001,-0.0,0.3823361200624993,0.0009537999999999783,-0.009741412548,-0.0041720772485673765,1.0,-0.10976327226720378,0.9999999984699081,8.76005601680608,10.628265330069642,10.259722931983495,0.08046793138544484,KALDI (min_return)
A|ETH|PM,0.06989436580934538,0.01004047879635314,6.734393285184571,-0.025534126462549156,2.7372922238737747,388,0.999191872118579,0.06634775514767696,398,0,2,{},0.9984579440000001,-0.0,0.4492184685064592,-0.0010227599999999512,-0.06162945254400002,-0.031145146289821332,0.8,-0.028153742848373443,0.013151448974496336,3.924859102651832,6.734393285184571,5.9002087006384185,0.06992547617370826,"KALDI (deflated_sharpe, min_return)"
C|BTC|vade|1x,0.020813845810410347,0.018247841420526375,1.138050692357038,-0.02292733159886695,0.9078180651183564,742,0.26424292338404515,0.07719300387069811,19,0,0,{},0.7738387456999023,-0.0,0.0,0.11378552000000014,-0.012334457932000002,-0.004286581393791984,0.6,-0.29509656069270657,5.506279433603222e-53,0.8486647944824439,1.139887052590964,1.0732382584240772,0.05265212039326039,"KALDI (deflated_sharpe, min_return)"
C|ETH|vade|1x,0.02244742396030741,0.023656020688066957,0.9502409261419256,-0.02200359303612287,1.0201708386196706,743,0.3494614800985183,0.06338319214419516,25,0,0,{},1.0042827167096413,-0.0,0.0,0.12943943999999988,-0.017103698447999995,-0.0072457653176771315,0.6,-0.27475427983771655,7.010120547640197e-58,0.5951430900114992,0.956528104572673,0.8635821542077928,0.04938543032920162,"KALDI (deflated_sharpe, min_return)"
C|BTC|gec|1x,0.02101107965854454,0.01818153734182314,1.1527609373740528,-0.02292733159886695,0.9164206295852977,742,0.2482709333631492,0.08286390245783436,18,0,0,{},0.7731254452911674,-0.0,0.0,0.11384680000000011,-0.011791289808000002,-0.003936480499796902,0.6,-0.2913754329007645,8.625767504626342e-53,0.8785903355918492,1.1513543727142816,1.092899450748481,0.05350030446581955,"KALDI (deflated_sharpe, min_return)"
C|ETH|gec|1x,0.022245954180281746,0.023610527794704062,0.9436793413205021,-0.02200359303612287,1.0110146167383207,743,0.32922693244152584,0.06667839107029196,24,0,0,{},1.0042882742104586,-0.0,0.0,0.1283375999999999,-0.016829409816,-0.0073980681249225045,0.6,-0.27134625357741005,5.5761602675937876e-58,0.5870794558080901,0.9408417140835742,0.854681091766125,0.05001764261334518,"KALDI (deflated_sharpe, min_return)"
C|BTC|vade|3x,0.03406451300606994,0.02836623084547407,1.1950828503930213,-0.03428157069937765,0.9936683854071001,737,0.28828107046165424,0.11453154517644602,28,0,0,{},0.8725561217391309,-0.0,0.0,0.1936367200000002,-0.022448018988,-0.008444231461996594,0.6,-0.2930942445445339,9.679927792186571e-53,0.8637892685419444,1.197490187663572,1.1178436981264033,0.0652841936307389,"KALDI (deflated_sharpe, min_return)"
C|ETH|vade|3x,0.03043797362145373,0.03353762230883635,0.9107951816644516,-0.03300388453718661,0.9222542754674292,743,0.34482931544397427,0.08690748400455542,45,0,0,{},1.0001455252815399,-0.0,0.0,0.1858976399999998,-0.028616189792,-0.012780427216346616,0.6,-0.2817159510842698,3.962774490371338e-57,0.5024788465346645,0.9106430726503922,0.7895977044330743,0.05753940840596905,"KALDI (deflated_sharpe, min_return)"
C|BTC|gec|3x,0.03427184056247157,0.028308394432672548,1.2045492309107497,-0.03428157069937765,0.9997161700380823,736,0.27342054071306393,0.12135360669145141,26,0,0,{},0.8715790468505059,-0.0,0.0,0.19370356000000025,-0.021827636772,-0.008081691755012287,0.6,-0.2901336804551659,1.2972470620749371e-52,0.8825620793427233,1.203556204975659,1.1302156670163077,0.06609083446649766,"KALDI (deflated_sharpe, min_return)"
C|ETH|gec|3x,0.0301916656388439,0.03345829600357089,0.9057296855765287,-0.03300388453718661,0.9147912757004684,743,0.32485567435331125,0.0914796467645048,43,0,0,{},0.9997648367961893,-0.0,0.0,0.18413079999999984,-0.027942082316000004,-0.012918631548361561,0.6,-0.2785071810960272,3.315381540499857e-57,0.5004242460072258,0.8962292992042865,0.7867263658739744,0.058138618749433046,"KALDI (deflated_sharpe, min_return)"
B|K3|W7|1x,0.030629621889401992,0.012935793001782048,2.3388748989304675,-0.018428752868013154,1.6620561417677875,688,0.26649775915083823,0.10910152733748578,90,0,24,{},0.982859501959845,-0.0,0.21404449143871707,-0.017194523509600636,-0.03343970058599722,-0.017950759319370246,0.6,0.003215768688265351,7.47870364495819e-11,0.7951863442315446,2.0439173817510663,1.9222974772639665,0.06129432459232387,"KALDI (deflated_sharpe, min_return)"
B|K3|W3|1x,0.031172350227847367,0.01266024811406458,2.431088113399855,-0.02350326017242499,1.3262989899767215,407,0.33865557810139163,0.08786616124865712,114,0,22,{'price': 1},0.9853322337447821,-0.0,0.2300469595355584,-0.016811538627179573,-0.04139356773917648,-0.023664625275134375,0.6,-0.006900591637460692,8.835901771221819e-10,0.557409049884964,2.3268260553585587,1.8699451265122882,0.058829049649633314,"KALDI (deflated_sharpe, min_return)"
B|K5|W7|1x,0.03220698474794759,0.009790863747678569,3.2426712975346654,-0.011116142172075905,2.8973167353735847,685,0.28033855382684547,0.10938378478661333,154,0,34,{'cash': 2},0.9891120400815054,-0.0,0.21118087431692054,-0.00904424518660778,-0.031241404641921024,-0.017523156703857297,0.6,-0.0075773768977335995,2.2407450703874571e-10,1.2947958256206946,2.9866253046567883,2.697905086576312,0.06235711403534494,"KALDI (deflated_sharpe, min_return)"
B|K5|W3|1x,0.03140167260893412,0.009589751160839153,3.229077999113543,-0.014117880154228102,2.2242484187351432,412,0.2957946358221505,0.1017043410024104,166,0,32,{'price': 1},0.9834886020823114,-0.0,0.21372113027410092,-0.00964049243884463,-0.034718882075084535,-0.02003468658724222,0.6,-0.012172439950409718,5.255131415580442e-10,0.9642424021547329,3.1320967517841054,2.5419125242738088,0.06093661334822942,"KALDI (deflated_sharpe, min_return)"
B|K8|W7|1x,0.03337388718825385,0.009602787043244115,3.423643572241872,-0.00693766045462596,4.810539144503748,700,0.2523787669034029,0.12593291160341796,201,2,39,{'min_lot': 22},1.0346271570077161,0.009346736298260867,0.19320982972448789,-0.004857981564145017,-0.0244596337869432,-0.013986015711844142,0.6,-0.019444897495056245,6.574704825320063e-21,1.3648856860874414,3.124287523731635,2.603896760088061,0.06146751002340434,"KALDI (deflated_sharpe, min_return)"
B|K8|W3|1x,0.03183445599368717,0.008205361054737844,3.823502877193736,-0.008888826721090037,3.5814013471716444,402,0.26746045246013084,0.11433952429205128,227,0,39,"{'cash': 2, 'price': 1}",1.0164158198811866,-0.0,0.2036620408917283,-0.005262908030354193,-0.030003448358253658,-0.01689616373211129,0.6,-0.02463872928084654,2.2126210693587186e-13,1.4565708392602021,3.637235558394404,3.1456700687376884,0.06257367186158125,"KALDI (deflated_sharpe, min_return)"
B|K3|W7|3x,0.03454400080927722,0.07801609727359977,0.4748215772602518,-0.13359378710355696,0.25857490500288005,1433,0.26873024653829786,0.11320420629350009,202,21,24,{},0.9971630049879744,-0.0067562062776057134,0.32385133144470923,-0.028537696926061513,-0.07623882692252014,-0.04714522158290977,0.4,-0.0020486861224909437,5.888440304484586e-53,0.38882843901472436,0.4193523874015414,0.39119480914183674,0.09717705049598235,"KALDI (net_sharpe, deflated_sharpe, calmar, positive_years, stress, min_return)"
B|K3|W3|3x,0.026660812153404434,0.07757723116860912,0.37834992082581287,-0.11030350339341788,0.24170412845649797,1595,0.33887819614951004,0.07375101280593806,240,22,22,{'price': 1},0.9904265657449002,-0.02441376504700041,0.31470676949943027,-0.028758022800924116,-0.08349651062367144,-0.052301091250373605,0.4,0.028340666744489037,8.176880813273302e-57,-0.22515418576095822,0.7316314716116776,0.1421038278543986,0.054098988064080755,"KALDI (net_sharpe, deflated_sharpe, calmar, positive_years, stress, min_return)"
B|K5|W7|3x,0.062434557371135124,0.0521785329250057,1.1866167989797403,-0.04684053159478463,1.332917352673401,778,0.2714528533114536,0.20952126824168588,333,28,31,{},0.9828026516128027,0.13924274600272873,0.3007613599287305,-0.018880870109843007,-0.06619603745194945,-0.04153062747863289,0.6,2.1581202340279178e-05,8.509383231139904e-59,0.5085032550968648,0.8498419965319867,0.9871840546831228,0.09065306520702121,"KALDI (deflated_sharpe, min_return)"
B|K5|W3|3x,0.024835594705428177,0.051564713569268714,0.5016613133734844,-0.07513432745075421,0.33054923825206706,1029,0.2965834209529829,0.08027872339979264,349,29,32,{'price': 1},0.9923217068492624,-0.051038761898455395,0.2960274608402533,-0.01646363638203996,-0.06864260950237264,-0.04312592682651979,0.4,0.013235400918803188,5.807189848684928e-55,-0.33508759548455774,0.8262062921773755,0.1480556827274663,0.057718765680086825,"KALDI (net_sharpe, deflated_sharpe, calmar, positive_years, stress, min_return)"
B|K8|W7|3x,0.008383697709617,0.07513119102916002,0.1495369810964034,-0.138240006486114,0.06064595859563367,1599,0.2564833294665602,0.03230204797744736,529,105,41,{},0.9958379037608968,-0.09098229489835587,0.244742362961191,-0.007735937662066145,-0.06016841805375812,-0.047559813616537085,0.6,0.14974413657812796,5.12109820904049e-61,-0.28365250300514316,-0.010971217052583433,-0.020742870042163034,0.04180868499363344,"KALDI (net_sharpe, deflated_sharpe, calmar, stress, min_return)"
B|K8|W3|3x,0.021915431582899325,0.037127679410606566,0.6025343015422973,-0.044095189516559,0.4970027756580898,1019,0.26356032105935845,0.0807198550390028,496,37,39,{'price': 1},0.9872040870832534,-0.07214432349158033,0.2776801705037252,-0.009140786957385854,-0.05785407502266694,-0.03603690539223573,0.6,0.021931590135882667,1.7412171819931373e-52,-0.37158418179147196,-0.25584279120096737,0.38272161994393605,0.055501348402858586,"KALDI (net_sharpe, deflated_sharpe, calmar, stress, min_return)"
